1@Khái niệm "đường bộ" được hiểu như thế nào là đúng? Đường bộ gồm:@1- Đường, cầu đường bộ.@2- Hầm đường bộ, bến phà đường bộ.@3- Đường, cầu đường bộ, hầm đường bộ, bến phà đường bộ và các công trình phụ trợ khác.@@1,2@
2@"Vạch kẻ đường" được hiểu thế nào là đúng?@1- Vạch kẻ đường là vạch chỉ sự phân chia làn đường, vị trí hoặc hướng đi, vị trí dừng lại.@2- Vạch kẻ đường là vạch chỉ sự phân biệt vị trí dừng, đổ trên đường.@3- Tất cả các ý nêu trên@@1@
3@Khái niệm "phần đường xe chạy" được hiểu như thế nào là đúng?@1 - Là phần của đường bộ được sử dụng cho các phương tiện giao thông qua lại.@2- Là phần đường bộ được sử dụng cho các phương tiện giao thông qua lại, dải đất dọc hai bên đường để bảo đảm an toàn giao thông.@3- Là phần đường bộ được sử dụng cho các phương tiện giao thông qua lại, các công trình, thiết bị phụ trợ khác và dải đất dọc hai bên đường để bảo đảm an toàn giao thông.@@1@
4@Khái niệm "làn đường" được hiểu như thế nào là đúng?@1- Là một phần của đường được chia theo chiều ngang của đường, có bề rộng đủ cho xe đỗ an toàn.@2- Là một phần của đường xe chạy được chia theo chiều dọc của đường, có bề rộng đủ cho xe chạy an toàn.@3- Cả 2 ý trên.@@2@
5@Khái niệm "đường phố" được hiểu như thế nào là đúng?@1- Đường phố là đường đô thị, gồm lòng đường và hè phố.@2- Đường phố là đường bộ ngoài đô thị có lòng đường đủ rộng cho các phương tiện giao thông qua lại.@3- Cả 2 ý nêu trên.@@1@
6@Khái niệm "dải phân cách" được hiểu như thế nào là đúng?@1- Là bộ phận của đường để phân chia mặt đường thành hai chiều xe chạy riêng biệt hoặc để phân chia phần đường của xe cơ giới và xe thô sơ.@2- Là bộ phận của đường để xác định ranh giới của đất dành cho đường bộ theo chiều ngang của đường.@3- Là bộ phận của đường để ngăn cách không cho các loại xe vào những nơi không được phép.@@1@
7@Dải phân cách trên đường bộ có những loại nào?@1- Loại cố định.@2- Loại di động.@@@1,2@
8@Khái niệm "đường ưu tiên" được hiểu như thế nào là đúng?@1- Đường ưu tiên là đường mà trên đó phương tiên tham gia giao thông đường bộ phải nhường đường cho các phương tiện đến từ hướng khác khi qua nơi đường giao nhau, có thể được cắm biển báo hiệu đường ưu tiên.@2- Đường ưu tiên là đường mà trên đó phương tiện tham gia giao thông đường bộ được các phương tiện đến từ hướng khác nhường đường khi qua nơi đường giao nhau, được cắm biển báo hiệu đường ưu tiên.@3- Đường ưu tiên là đường chỉ dành cho một số loại phương tiện tham gia giao thông, được cắm biển báo hiệu đường ưu tiên.@@2@
9@"Phương tiện giao thông đường bộ" gồm những loại nào?@1 - Phương tiện giao thông cơ giới đường bộ, phương tiện giao thông thô sơ đường bộ.@2- Phương tiện giao thòng thồ sơ đường bộ; phương tiện giao thông cơ giới đường bộ và xe máy chuyên dùng.@3- Cả hai ý nêu trên.@@1@
10@Khái niệm "phương tiện giao thông cơ giới đường bộ" được hiểu thế nào là đúng?@1- Gồm xe ô tô; máy kéo; xe mô tô hai bánh; xe mô tô ba bánh; xe gắn máy; xe cơ giới dùng cho người khuyết tật và xe máy chuyên dùng.@2- Gồm xe ô tô; máy kéo; rơ moóc hoặc sơ mi rơ moóc được kéo bởi xe ô tô, máy kéo; xe mô tô hai bánh; xe mô tô ba bánh, xe gắn máy (kể cả xe máy điện) và các loại xe tương tự.@@@2@
11@"Phương tiện tham gia giao thông đường bộ" gồm những loại nào?@1- Phương tiện giao thông cơ giới đường bộ.@2- Phương tiện giao thông thô sơ đường bộ và xe máy chuyên dùng.@@@1,2@
12@"Người tham gia giao thông đường bộ" gồm những đối tượng nào?@1- Người điều khiển, người sử dụng phương tiện tham gia giao thông đường bộ.@2- Người điều khiển, dẫn dắt súc vật; người đi bộ trên đường bộ.@@@1,2@
13@Khái niệm "người điều khiển giao thông" được hiểu như thế nào là đúng?@1- Là người điều khiển phương tiện tham gia giao thông.@2- Là người được giao nhiệm vụ hướng dẫn giao thông tại nơi thi công, nơi ùn tắc giao thông, ở bến phà, tại cầu đường bộ đi chung với đường sắt.@3- Là cảnh sát giao thông.@4- Tất cả các ý nêu trên.@2,3@
14@Các hành vi nào ghi ở dưới đây bị nghiêm cấm?@1- Phá hoại đường, cầu, hầm, bến phà đường bộ, phá hoại đèn tín hiệu, cọc tiêu, biển báo hiệu, gương cầu, dải phân cách.@2- Phá hoại hệ thống thoát nước và các công trình, thiết bị khác thuộc kết cấu hạ tầng giao thông đường bộ.@@@1,2@
15@Những hành vi nào ghi ở dưới đây bị nghiêm cấm?@1- Đua xe, cổ vũ đua xe, tổ chức đua xe trái phép.@2- Lạng lách, đánh võng.@@@1,2@
16@Người điểu khiển phương tiện giao thông đường bộ mà trong cơ thể có chất ma tuý có bị nghiêm cấm hay không?@1- Bị nghiêm cấm.@2- Không bị nghiêm cấm.@@@1@
17@Người điều khiển xe ô tô, máy kéo, xe máy chuyên dùng trên đường mà trong máu hoặc hơi thở có nồng độ cồn vượt quá bao nhiêu thì bị cấm?@1- Người điều khiển xe ô tô, máy kéo, xe máy chuyên dùng trên đường mà trong máu có nồng độ cồn vượt quá 50 miligam/100 mililít máu hoặc 0,25 miligam/ 1 lit khí thở.@2- Người điều khiển xe ô tô, máy kéo, xe máy chuyên dùng trên đường mà trong máu hoặc hơi thở có nồng độ cồn.@3- Người điều khiển xe ô tô, máy kéo, xe máy chuyên dùng trên đường mà trong máu có nồng độ cồn vượt quá 80 miligam/100 mililít máu hoặc 40 miligam/ 1 lít khí thở.@@2@
18@Người điều khiển xe mô tô, xe gắn máy trên dường mà trong máu có nồng độ cồn vượt quá bao nhiêu thì bị cấm?@1- Nồng độ cồn vượt quá 50 miligam/100 mililít máu.@2- Nồng độ cồn vượt quá 40 miligam/100 mililít máu.@3- Nồng độ cồn vượt quá 30 mililigam/100 mililít máu.@@1@
19@Người điều khiển xe mô tô, xe gắn máy trên đường mà trong khí thở có nồng độ cồn vượt quá bao nhiêu thì bị cấm?@1- Nồng độ cồn vượt quá 0,25 miligam/ 1 lít khí thở.@2- Nồng độ cồn vượt quá 0,20 miligam/ 1 lít khí thở.@3- Nồng độ cồn vượt quá 0,15 miligam/ 1 lít khí thở.@@1@
20@Hành vi giao xe cơ giới, xe máy chuyên dùng cho người không đủ điều kiện để điểu khiển xe tham gia giao thông có bị nghiêm cấm hay không?@1- Không bị nghiêm cấm.@2- Bị nghiêm cấm.@3- Nghiêm cấm tuỳ từng trường hợp.@@2@
21@Hành vi điều khiển xe cơ giới chạy quá tốc độ quy định, giành đường, vượt ẩu có bị nghiêm cấm hay không?@1- Bị nghiêm cấm.@2- Bị nghiêm cấm tuỳ từng trường hợp.@3- Không bị nghiêm cấm.@@1@
22@Những hành vi nào sau đây bị cấm?@1- Bấm còi, rú ga liên tục, bấm còi trong thời gian từ 22 giờ đến 5 giờ.@2- Bấm còi hơi, sử dụng đèn chiếu xa trong khu đô thị và khu dân cư, trừ các xe ưu tiên khi đang làm nhiệm vụ.@@@1,2@
23@Các hành vi nào sau đây bị nghiêm cấm?@1- Lắp đặt, sử dụng còi, đèn không đúng thiết kế của nhà sản xuất đối với từng loại xe cơ giới.@2- Sử dụng thiết bị âm thanh gây mất trật tự an toàn giao thông, trật tự công cộng.@@@1,2@
24@Hành vi bỏ trốn sau khi gây tai nạn để trốn tránh trách nhiệm hoặc khi có điểu kiện mà cố ý không cứu giúp người bị tai nạn giao thông có bị nghiêm cấm hay không?@1- Không bị nghiêm cấm.@2- Nghiêm cấm tuỳ từng trường hợp cụ thể.@3- Bị nghiêm cấm.@@3@
25@Khi xảy ra tai nạn giao thông, những hành vi nào ghi ở dưới đây bị nghiêm cấm?@1- Xâm phạm tính mạng, sức khỏe, tài sản của người bị tai nạn giao thông; xâm phạm tính mạng, sức khỏe, tài sản của người gây tai nạn giao thông.@2- Lợi dụng việc xảy ra tai nạn giao thông để hành hung, đe doạ, xúi giục, gây sức ép, làm mất trật tự, cản trở việc xử lý tai nạn giao thông.@@@1,2@
26@Việc sản xuất, mua bán, sử dụng biển số xe cơ giới, xe máy chuyên dùng được quy định như thế nào trong Luật giao thông đường bộ?@1- Nghiêm cấm sản xuất, được phép sử dụng.@2- Nghiêm cấm mua bán, cho phép sử dụng.@3- Nghiêm cấm sản xuất, mua bán, sử dụng trái phép.@@3@
27@Người lái xe không được vượt xe khác khi gặp trường hợp nào ghi ở dưới đây?@1- Trên cầu hẹp có một làn xe; nơi đường giao nhau, đường bộ giao nhau cùng mức với đường sắt.@2- Điều kiện thời tiết hoặc đường không bảo đảm an toàn cho việc vượt; xe ưu tiên đang phát tín hiệu ưu tiên làm nhiệm vụ.@@@1,2@
28@Người điều khiển xe mô tô hai bánh, ba bánh, xe gắn máy có được phép sử dụng xe để kéo, đẩy các xe khác, vật khác khi tham gia giao thông không?@1- Được phép.@2- Tuỳ trường hợp.@3- Không được phép.@@3@
29@Người ngồi trên xe mô tô hai bánh, ba bánh, xe gắn máy khi tham gia giao thông không được thực hiện những hành vi nào dưới đây?@1- Đội mũ bảo hiểm và cài quai đúng quy cách.@2- Sử dụng ô; bám, kéo hoặc đẩy các phương tiện khác.@3- Đứng trên yên, giá đèo hàng hoặc ngồi trên tay lái; các hành vi khác gây mất trật tự an toàn giao thông.@@2,3@
30@Người ngồi trên xe mô tô hai bánh, xe mô tô ba bánh, xe gắn máy khi tham gia giao thông có được mang, vác vật cồng kềnh hay không?@1- Được mang, vác tuỳ trường hợp cụ thể.@2- Không được mang, vác.@3- Được mang, vác nhưng phải đảm bảo an toàn.@@2@
31@Khi điều khiển xe mô tô hai bánh, xe mô tô ba bánh, xe gắn máy, những hành vi nào không được phép?@1 - Buông cả hai tay hoặc đi xe bằng một bánh đối với xe hai bánh, bằng hai bánh đối với xe ba bánh; chạy quá tốc độ quy định.@2- Sử dụng xe để kéo, đẩy xe khác, vật khác và chở vật cồng kềnh; để chân chống quẹt xuống đất và các hành vi khác gây mất trật tự an toàn giao thông.@3- Chạy đúng tốc độ quy định và chấp hành đúng quy tắc giao thông đường bộ.@@1,2@
32@Bảo đảm trật tự, an toàn giao thông đường bộ là trách nhiệm của ai?@1- Là trách nhiệm của ngành Giao thông vận tải và ngành Công an.@2- Là trách nhiệm của cơ quan, tổ chức, cá nhân.@3- Là trách nhiệm của cảnh sát giao thông.@@2@
33@Tại nơi đường giao nhau, khi đèn điều khiển giao thông có tín hiệu vàng, người điều khiển phương tiện phải thực hiện như thế nào?@1- Phải cho xe dừng lại trước vạch dừng, trừ trường hợp đã đi quá vạch dừng thì được đi tiếp; trong trường hợp tín hiệu vàng nhấp nháy là được đi nhưng phải giảm tốc độ, chú ý quan sát, nhường đường cho người đi bộ qua đường.@2- Phải cho xe nhanh chóng vượt qua vạch dừng để đi qua đường giao nhau và chú ý đảm bảo an toàn; khi đèn tín hiệu vàng nhấp nháy là được đi nhưng phải giảm tốc độ, chú ý quan sát người đi bộ để bảo đảm an toàn.@3- Cả hai ý nêu trên.@@1@
34@Biển báo hiệu đường bộ gồm những nhóm nào, ý nghĩa của từng nhóm?@1- Nhóm biển báo cấm để biểu thị các điều cấm; nhóm biển báo hiệu nguy hiểm để cảnh báo các tình huống nguy hiểm có thể xảy ra; nhóm biển hiệu lệnh để báo hiệu các hiệu lệnh phải thi hành.@2- Nhóm biển chỉ dẫn để chỉ dẫn hướng đi hoặc các điều cần biết; nhóm biển phụ để thuyết minh bổ sung các loại biển báo cấm, biển báo nguy hiểm, biển hiệu lệnh và biển chỉ dẫn.@@@1,2@
35@Tại nơi đường giao nhau, khi người điều khiển giao thông ra hiệu lệnh bằng hai tay hoặc một tay giang gang để báo hiệu thì người tham gia giao thông phải đi như thế nào là đúng quy tắc giao thông?@1 - Người tham gia giao thông ở phía trước và ở phía sau người điều khiển giao thông phải dừng lại; người tham gia giao thông ở phía bên phải và bên trái người điều khiển được đi.@2- Người tham gia giao thòng ở phía trước và ở phía sau người điều khiển giao thông được đi thẳng; người tham gia giao thông ở phía bên phải và bên trái người điều khiển được đi thẳng và rẽ phải.@@@1@
36@Tại nơi đường giao nhau, khi người điều khiển giao thông ra hiệu lệnh tay giơ thẳng đứng để báo hiệu thì người tham gia giao thông phải đi như thế nào?@1- Người tham gia giao thông ở phía trước và ở phía sau người điều khiển giao thông phải dừng lại; người tham gia giao thông ở phía bên phải và bên trái người điều khiển được đi.@2- Người tham gia giao thông ở các hướng phải dừng lại.@3- Tất cả các trường hợp trên.@@2@
37@Tại nơi đường giao nhau, khi người điều khiển giao thông ra hiệu lệnh bằng tay phải giơ về phía trước để báo hiệu thì người tham gia giao thông phải đi như thế nào?@1- Người tham gia giao thông ở phía sau người điều khiển phải dừng lại; người ở phía trước người điều khiển được rẽ trái; người ở phía bên trái người điều khiển được rẽ trái; người đi bộ qua đường phải dừng lại sau lưng người điều khiển giao thông.@2- Người tham gia giao thông ở phía sau và bên phải người điều khiển phải dừng lại; người ở phía trước người điều khiển được rẽ phải; người ở phía bẻn trái người điều khiển giao thông được đi tất cả các hướng; người đi bộ qua đường phải đi sau lưng người điều khiển giao thông.@@@2@
38@Trên đường giao thông, khi hiệu lệnh của người điều khiển giao thông trái với hiệu lệnh của đèn hoặc biển báo hiệu thì người tham gia giao thông phải chấp hành theo hiệu lệnh nào?@1- Hiệu lệnh của người điều khiển giao thông.@2- Hiệu lệnh của đèn điều khiển giao thông.@3- Hiệu lệnh của biển báo hiệu đường bộ.@@1@
39@Tại nơi có biển hiệu cố định lại có báo hiệu tạm thời thì người tham gia giao thông phải chấp hành hiệu lệnh của báo hiệu nào?@1- Biển báo hiệu cố định.@2- Báo hiệu tạm thời.@@@2@
40@Trên đường có nhiều làn đường cho xe đi cùng chiều được phân biệt bằng vạch kẻ phân làn đường, người điều khiển phương tiện phải cho xe đi như thế nào?@1- Cho xe đi trên bất kỳ làn đường nào; khi cần thiết phải chuyển làn đường, người lái xe phải có đèn tín hiệu báo trước và phải bảo đảm an toàn.@2- Phải cho xe đi trong một làn đường và chỉ được chuyển làn đường ở những nơi cho phép; khi chuyển làn phải có tín hiệu báo trước và phải bảo đảm an toàn.@3- Phải cho xe đi trong một làn đường, khi chuyển làn đường phải có tín hiệu báo trước, chú ý quan sát để bảo đảm an toàn.@@2@
41@Trên đường một chiều có vạch kẻ phân làn đường, xe thô sơ và xe cơ giới phải đi như thế nào là đúng quy tắc giao thông?@1- Xe thô sơ phải đi trên làn đường bên trái trong cùng, xe cơ giới, xe máy chuyên dùng đi trên làn đường bên phải.@2- Xe thô sơ phải đi trên làn đường bên phải trong cùng; xe cơ giới, xe máy chuyên dùng đi trên làn đường bên trái.@3- Xe thô sơ đi trên làn đường phù hợp không gây cản trở giao thông, xe cơ giới, xe máy chuyên dùng đi trên làn đường bên phải.@@2@
42@Trên đường có nhiều làn đường, người điều khiển phương tiện tham gia giao thông sử dụng làn đường như thế nào là đúng?@1- Trên đường có nhiều làn đường cho xe đi cùng chiều được phân biệt bằng vạch kẻ phân làn đường, người điều khiển phương tiện phải cho xe đi trong một làn đường và chỉ được chuyển làn đường ở những nơi cho phép; khi chuyển làn đường phải có tín hiệu báo trước và đảm bảo an toàn.@2- Phương tiện tham gia giao thông đường bộ di chuyển với tốc độ thấp hơn đi về bên trái.@3- Trên đường một chiều có vạch kẻ phân làn đường, xe thô sơ phải đi trên làn đường bên phải trong cùng, xe cơ giới, xe máy chuyên dùng đi trên làn đường bên trái; phương tiện tham gia giao thông đường bộ di chuyển với tốc độ thấp hơn đi về bên phải.@@1,3@
43@Xe sau có thể vượt lên bên phải xe khác đang chạy phía trước trong trường hợp nào?@1- Khi xe phía trước có tín hiệu rẽ trái hoặc đang rẽ trái; khi xe điện đang chạy giữa đường.@2- Khi xe chuyên dùng đang làm việc trên đường mà không thể vượt bên trái được.@3- Khi có đủ khoảng trống để vượt xe.@@1,2@
44@Người lái xe phải làm gì khi quay đầu xe trên cầu, gầm cầu vượt, đường ngầm hay khu vực đường bộ giao nhau cùng mức với đường sắt?@1- Không được quay đầu xe.@2- Lợi dụng chỗ rộng và phải có người làm tín hiệu sau xe để bảo đảm an toàn.@3- Lợi dụng chỗ rộng có thể quay đầu được để quay đầu xe cho an toàn.@@1@
45@Khi muốn chuyển hướng, người lái xe phải thực hiện như thế nào?@1- Người điều khiển phương tiện phải tăng tốc độ và có tín hiệu báo hướng để rẽ.@2- Người điều khiển phương tiện phải giảm tốc độ và có tín hiệu báo hướng rẽ; chỉ cho rẽ chuyển hướng khi quan sát thấy không gây trở ngại hoặc nguy hiểm cho người và phương tiện khác.@3- Trong khi chuyển hướng, người lái xe, người điều khiển xe máy chuyên dùng phải nhường quyền đi trước cho người đi bộ, người đi xe đạp đang đi trên phần đường dành riêng cho họ; nhường đường cho các xe đi ngược chiều.@@2,3@
46@Khi tránh xe đi ngược chiều, các xe phải nhường đường như thế nào là đúng?@1- Nơi đường hẹp chỉ đủ cho một xe chạy và có chỗ tránh xe thì xe nào ở gần chỗ tránh hơn phải vào vị trí tránh, nhường đường cho xe kia đi.@2- Xe xuống dốc phải nhường đường cho xe đang lên dốc; xe nào có chướng ngại vật phía trước phải nhường đường cho xe không có chướng ngại vật đi trước.@3- Xe lên dốc phải nhường đường cho xe xuống dốc.@@1,2@
47@Ban đêm xe cơ giới đi ngược chiều gặp nhau, đèn chiếu sáng phải được sử dụng như thế nào?@1- Phải chuyển từ đèn chiếu gần sang đèn chiếu xa.@2- Phải chuyển từ đèn chiếu xa sang đèn chiếu gần.@@@2@
48@Khi có tín hiệu của xe ưu tiên, người tham gia giao thông phải làm gì?@1- Phải nhanh chóng giảm tốc độ, tránh hoặc dừng lại sát lề đường bên trái để nhường đường.@2- Phải nhanh chóng tăng tốc độ, tránh sát lề đường để nhường đường cho xe ưu tiên; cấm các hành vi gây cản trở xe ưu tiên.@3- Phải nhanh chóng giảm tốc độ, tránh hoặc dừng lại sát lề đường bên phải để nhường đường; không được gây cản trở xe được quyền ưu tiên.@@3@
49@Tại nơi đường giao nhau có báo hiệu đi theo vòng xuyến, người điều khiển phương tiện phải nhường đường như thế nào?@1- Phải nhường đường cho xe đi bên phải.@2- Xe báo hiệu xin đường trước xe đó được đi trước.@3- Phải nhường đường cho xe đi bên trái.@@3@
50@Tại nơi đường giao nhau, người lái xe đang đi trên đường không ưu tiên phải nhường đường như thế nào?@1- Nhường đường cho xe đi ở bên phải mình tới.@2- Nhường đường cho xe đi ở bên trái mình tới.@3- Nhường đường cho xe đi trên đường ưu tiên hoặc đường chính từ bất kỳ hướng nào tới.@@3@
51@Tại nơi đường giao nhau không có báo hiệu đi theo vòng xuyến, người điều khiển phương tiện phải nhường đường như thế nào là đúng quy tắc giao thông?@1- Phải nhường đường cho xe đi đến từ bên phải.@2- Xe báo hiệu xin đường trước xe đó được đi trước.@3- Phải nhường đường cho xe đi đến từ bên trái.@@1@
52@Trên đoạn đường bộ giao nhau cùng mức với đường sắt, cầu đường bộ đi chung với đường sắt thì loại phương tiện nào được quyền ưu tiên đi trước?@1- Phương tiện nào bên phải không vướng.@2- Phương tiện nào ra tín hiệu xin đường trước.@3- Phương tiện giao thông đường sắt.@@3@
53@Tại nơi đường bộ giao nhau cùng mức với đường sắt chỉ có đèn tín hiệu hoặc chuông báo hiệu, khi đèn tín hiệu màu đỏ đã bật sáng hoặc có tiếng chuông báo hiệu, người tham gia giao thông phải dừng lại ngay và giữ khoảng cách tối thiểu bao nhiêu mét tính từ ray gần nhất?@1- 5,00 m@2- 3,00 m@3- 4,00 m@4- 7,00 m@1@
54@Người lái xe phải làm gì khi điều khiển xe vào đường cao tốc?@1 - Phải có tín hiệu xin vào và phải nhường đường cho xe đang chạy trên đường; khi thấy an toàn mới cho xe nhập vào dòng xe ở làn đường sát mép ngoài.@2- Phải có tín hiệu và tăng tốc độ vào đường cao tốc.@3- Nếu có làn đường tăng tốc thì phải cho xe chạy trên làn đường đó trước khi vào làn đường của đường cao tốc.@@1,3@
55@Người lái xe phải làm gì khi điều khiển xe ra khỏi đường cao tốc?@1- Phải thực hiện chuyển dần sang làn đường phía bên phải, nếu có làn đường giảm tốc thì cho xe chạy trên làn đường đó trước khi rời khỏi đường cao tốc.@2- Phải thực hiện chuyển ngay sang các làn đường phía bên phải, nếu có làn đường giảm tốc thì phải cho xe chạy trên làn đường đó trước khi rời khỏi đường cao tốc.@@@1@
56@Những trường hợp nào ghi ở dưới đây không được đi vào đường cao tốc trừ người, phương tiện, thiết bị phục vụ cho việc quản lý, bảo trì đường cao tốc?@1- Người đi bộ, xe thô sơ, xe gắn máy và xe ô tô.@2- Xe mô tô và xe máy chuyên dùng có tốc độ thiết kế lớn hơn 70km/h.@3- Người đi bộ, xe thô sơ, xe gắn máy, xe mô tô và xe máy chuyên dùng có tốc độ thiết kế nhỏ hơn 70km/h.@@3@
57@Người điều khiển phương tiện tham gia giao thông trong hầm đường bộ ngoài việc phải tuân thủ các quy tắc giao thông còn phải thực hiện những quy định nào dưới đây?@1- Xe cơ giới, xe máy chuyên dùng phải bật đèn; xe thô sơ phải bật đèn hoặc có vật phát sáng báo hiệu; chỉ được dừng xe, đỗ xe ở nơi quy định.@2- Xe cơ giới phải bật đèn ngay cả khi đường hầm sáng; phải cho xe chạy trên một làn đường và chỉ chuyển làn ở nơi được phép; được quay đầu xe, lùi xe khi cần thiết.@3- Xe máy chuyên dùng phải bật đèn ngay cả khi đường hầm sáng; phải cho xe chạy trên một làn đường và chỉ chuyển làn ở nơi được phép; được quay đầu xe, lùi xe khi cần thiết.@@1@
58@Người ngồi trên xe mô tô 2 bánh, xe mô tô 3 bánh, xe gắn máy phải đội mũ bảo hiểm có cài quai đúng quy cách khi nào?@1- Khi tham gia giao thông đường bộ.@2- Chỉ khi đi trên đường cao tốc.@@@1@
59@Người điều khiển xe mô tô hai bánh, xe gắn máy được phép chở tối đa 2 người trong những trường hợp nào?@1- Chở người bệnh đi cấp cứu; trẻ em dưới 14 tuổi.@2- Áp giải người có hành vi vi phạm pháp luật.@@@1,2@
60@Người điều khiển xe mô tô hai bánh, xe mô tô ba bánh, xe gắn máy không được thực hiện những hành vi nào dưới đây?@1- Đi xe dàn hàng ngang.@2- Đi xe vào phần đường dành cho người đi bộ và phương tiện khác; sử dụng ô, điện thoại di động, thiết bị âm thanh (trừ thiết bị trợ thính).@3- Chở người bệnh đi cấp cứu; trẻ em dưới 14 tuổi, áp giải người có hành vi vi phạm pháp luật.@@1,2@
61@Người điều khiển, người ngồi trên xe đạp máy phải đội mũ bảo hiểm có cài quai đúng quy cách khi nào?@1- Khi tham gia giao thông đường bộ.@2- Chỉ khi tham gia giao thông trên đường quốc lộ, khu vực đô thị.@@@1@
62@Cơ quan nào quy định các đoạn đường cấm đi, đường đi một chiều, nơi cấm dừng, cấm đỗ, cấm quay đầu xe, lắp đặt báo hiệu đường bộ thuộc địa phương quản lý?@1- Cơ quan quản lý giao thông vận tải.@2- Ủy ban nhân dân cấp tỉnh.@3- Cơ quan cảnh sát giao thông đường bộ.@4- Thanh tra giao thông đường bộ.@2@
63@Người điều khiển phương tiện và những người liên quan trực tiếp đến vụ tai nạn có trách nhiệm gì?@1- Dừng ngay phương tiện; giữ nguyên hiện trường; cấp cứu người bị nạn và phải có mặt khi cơ quan có thẩm quyền yêu cầu; cung cấp thông tin xác thực về vụ tai nạn cho cơ quan có thẩm quyền.@2- Ở lại nơi xảy ra tai nạn cho đến khi người của cơ quan công an đến, trừ trường hợp người điều khiển phương tiện cũng bị thương phải đưa đi cấp cứu hoặc phải đưa người bị nạn đi cấp cứu hoặc vì lý do bị đe dọa đến tính mạng, nhưng phải đến trình báo ngay với cơ quan công an nơi gần nhất.@3- Rời khỏi hiện trường nơi xảy ra tai nạn giao thông.@@1,2@
64@Những người có mặt tại nơi xảy ra vụ tai nạn giao thông có trách nhiệm gì?@1- Bảo vệ hiện trường, giúp đỡ, cứu chữa kịp thời người bị nạn, bảo vệ tài sản của người bị nạn.@2- Báo tin ngay cho cơ quan công an, y tế hoặc ủy ban nhân dân nơi gần nhất; cung cấp thông tin xác thực về vụ tai nạn theo yêu càu của cơ quan có thẩm quyền.@@@1,2@
65@Khi điều khiển xe chạy trên đường, người lái xe phải mang theo các loại giấy tờ gì?@1- Giấy phép lái xe, đăng ký xe, giấy phép lưu hành xe.@2- Lệnh vận chuyển, đăng ký xe, giấy phép lưu hành xe.@3- Giấy phép lái xe phù hợp với loại xe đó, đăng ký xe, giấy chứng nhận kiểm định kỹ thuật và bảo vê môi trường, giấy chứng nhận bảo hiểm trách nhiệm dân sự của chủ xe cơ giới và giấy phép vận chuyển (nếu loại xe đó cần phải có).@@3@
66@Người đủ bao nhiêu tuổi trở lên thì được điều khiển xe mô tô hai bánh, xe mô tô ba bánh có dung tích xi lanh từ 50 cm3 trở lên và các loại xe có kết cấu tương tự; xe ô tô tải, máy kéo có trọng tải dưới 3,5 tấn; xe ô tô chở người đến 9 chỗ ngồi?@1- 16 tuổi.@2- 18 tuổi.@3- 17 tuổi.@@2@
67@Tại ngã ba hoặc ngã tư không có đảo an toàn, người lái xe phải nhường đường như thế nào là đúng trong các trường hợp dưới đây?@1- Nhường đường cho xe đi trên đường nhánh từ bất kỳ hướng nào tới.@2- Nhường đường cho người đi bộ đang đi trên phần đường dành cho người đi bộ sang đường.@3- Nhường đường cho xe đi trên đường ưu tiên, đường chính từ bất kỳ hướng nào tới, nhường đường cho xe ưu tiên, nhường đường cho xe đi từ bên phải đến.@@2,3@
68@Người đủ 16 tuổi được điều khiển các loại xe nào dưới đây?@1- Xe mô tô 2 bánh có dung tích từ 50 cm3 trở lên.@2- Xe gắn máy có dung tích dưới 50 cm3.@3- Xe ô tô tải dưới 3,5 tấn; xe chở người đến 9 chỗ ngồi.@4- Tất cả các ý trên.@2@
69@Khi phát hiện hành vi giả khai báo mất hoặc tẩy xóa, làm sai lệch các thông tin trên giấy phép lái xe; sử dụng giấy phép lái xe hoặc đổi hồ sơ lái xe giả; có hành vi cố tình gian dối để được đổi, cấp mới, cấp lại giấy phép lái xe, ngoài việc bị cơ quan quản lý giấy phép lái xe ra quyết định thu hồi giấy phép lái xe và hồ sơ gốc còn phải chịu trách nhiệm trước pháp luật, người lái xe không được cấp giấy phép lái xe trong thời gian bao nhiêu năm?@1- 05 năm.@2- 03 năm.@3- 02 năm.@@1@
70@Người lái xe mô tô xử lý như thế nào khi cho xe mô tô phía sau vượt?@1- Lái xe vào lề đường bên phải và giảm tốc độ để xe phía sau vượt qua.@2- Lái xe vào lề đường bên trái và giảm tốc độ để xe phía sau vượt qua.@3- Lái xe vào lề đường bên phải và tăng tốc độ để xe phía sau vượt qua.@@1@
71@Trong các trường hợp dưới đây, để đảm bảo an toàn khi tham gia giao thông, người lái xe mô tô cần thực hiện như thế nào?@1- Phải đội mũ bảo hiểm có cài quai đúng quy cách, mặc quần áo gọn gàng.@2- Không sử dụng ô, điện thoại di động, thiết bị âm thanh (trừ thiết bị trợ thính).@3- Buông cả hai tay hoặc đi xe bằng một bánh.@4- Tất cả các ý nêu trên.@1,2@
72@Đường bộ trong khu vực đông dân cư gồm những đường nào?@1- Đường bộ nằm trong khu vực nội thành phố, nội thị xã, nội thị trấn, khu công nghiệp có đông người và phương tiện tham gia giao thông.@2- Đường bộ nằm trong khu vực nội thành phố, nội thị xã và những đoạn đường bộ được xác định từ vị trí có hiệu lực của biển báo hiệu "Bắt đầu khu đông dân cư" đến vị trí có hiệu lực của biển báo hiệu "Hết khu đông dân cư".@3- Đường bộ có đông người, phương tiện tham gia giao thông và những đoạn đường bộ được xác định từ vị trí có hiệu lực của biển báo hiệu "Bắt đầu khu đông dân cư" đến vị trí có hiệu lực của biển báo hiệu "Hết khu đông dân cư".@@2@
73@Trên đường bộ trong khu vực đông dân cư, xe mô tô hai bánh, xe gắn máy tham gia giao thông với tốc độ tối đa cho phép là bao nhiêu?@1- 60km/h@2- 50km/h.@3- 40km/h.@4- 30km/h.@3@
74@Trên đường bộ trong khu vực đông dân cư, loại xe nào tham gia giao thông với tốc độ tối đa cho phép là 40km/h?@1- Ô tô chở người trên 30 chỗ ngồi, ô tô tải có trọng tải từ 3500 kG trở lên, ô tô sơ mi rơ moóc, ô tô kéo rơ moóc, ô tô kéo xe khác, ô tô chuyên dùng, xe mô tô, xe gắn máy.@2- Ô tô chở người đến 30 chỗ ngồi, ô tô tải có trọng tải dưới 3500 kG.@3- Xe máy kéo, xe công nông, xe lam, xe lôi máy, xe xích lô máy, xe ba gác máy, xe máy chuyên dùng và các loại xe tương tự (loại đang được phép hoạt động).@@1@
75@Trên đường bộ ngoài khu vực đông dân cư, loại xe nào tham gia giao thông với tốc độ tối đa cho phép là 50km/h?@1- Ô tô chở người đến 30 chỗ ngồi (trừ ô tô buýt), ô tô tải có tải trọng dưới 3500 kG.@2- Ô tô chở người trên 30 chỗ ngồi (trừ ô tô buýt), ô tô tải có trọng tải từ 3500 kG trở lên.@3- Ô tô kéo rơ moóc, ô tô kéo xe khác, xe gắn máy.@4- Ô tô buýt, ô tô sơ mi rơ moóc, ô tô chuyên dùng, xe mô tô.@3@
76@Khái niệm về văn hóa giao thông được hiểu như thế nào là đúng?@1- Là sự hiểu biết và chấp hành nghiêm chỉnh pháp luật về giao thông; là ý thức trách nhiệm với cộng đồng khi tham gia giao thông.@2- Là ứng xử có văn hóa, có tình yêu thương con người trong các tình huống không may xảy ra khi tham gia giao thông.@@@1,2@
77@Người lái xe cố tình vi phạm Luật Giao thông đường bộ, không phân biệt làn đường, vạch phân làn, phóng nhanh, vượt ẩu, vượt đèn đỏ, đi vào đường cấm, đường một chiều được coi là hành vi nào trong các hành vi sau đây?@1- Là bình thường.@2- Là thiếu văn hóa giao thông.@3- Là có văn hóa giao thông.@@2@
78@Trong các hành vi dưới đây, người lái xe mô tô có văn hóa giao thông phải ứng xử như thế nào?@1- Điều khiển xe đi trên phần đường, làn đường có ít phương tiện tham gia giao thông, đội mũ bảo hiểm ở nơi có biển báo bắt buộc đội mũ bảo hiểm.@2- Chấp hành quy định về tốc độ, đèn tín hiệu, biển báo hiệu, vạch kẻ đường khi lái xe.@3- Chấp hành hiệu lệnh, chỉ dẫn của người điều khiển giao thông; nhường đường cho người đi bộ, người già, trẻ em, người khuyết tật.@4- Cả ba ý nêu trên.@2,3@
79@Trong cách hành vi dưới đây, người lái xe mô tô có văn hóa giao thông phải ứng xử như thế nào?@1- Điều khiển xe đi bên phải theo chiều đi của mình.@2- Điều khiển xe đi trên phần đường, làn đường có ít phương tiện tham gia giao thông.@3- Đi đúng phần đường, làn đường quy định; đội mũ bảo hiểm đúng quy cách.@4- Đội mũ bảo hiểm ở nơi có biển báo bắt buộc đội mũ bảo hiểm.@1,3@
80@Người có văn hóa giao thông khi điều khiển xe cơ giới tham gia giao thông đường bộ phải đảm bảo các điều kiện gì?@1- Có giấy phép lái xe phù hợp với loại xe được phép điều khiển; xe cơ giới đảm bảo các quy định về chất lượng, an toàn kỹ thuật và bảo vệ môi trường.@2- Có giấy chứng nhận bảo hiểm trách nhiệm dân sự của chủ xe cơ giới còn hiệu lực; nộp phí sử dụng đường bộ theo quy định.@@@1,2@
81@Biển nào cấm người đi bộ?@1- Biển 1.@2- Biển 1 và 3.@3- Biển 2.@4- Biển 2 và 3.@3@256
82@Gặp biển nào người lái xe phải nhường đường cho người đi bộ?@1- Biển 1.@2- Biển 3.@3- Biển 2.@4- Biển 1 và 3.@1@256
83@Biển nào chỉ đường dành cho người đi bộ, các loại xe không được đi vào khi gặp biển này?@1- Biển 1.@2- Biển 1 và 3.@3- Biển 3.@4- Cả ba biển.@3@256
84@Biển nào báo hiệu sắp đến chỗ giao nhau nguy hiểm?@1- Biển 1 và 2.@2- Biển 2 và 3.@3- Biển 1.@4- Cả ba biển.@2@262
85@Biển nào báo hiệu sắp đến chỗ giao nhau với đường sắt có rào chắn?@1- Biển 1.@2- Biển 2 và 3.@3- Biển 3.@@1@263
86@Biển nào báo hiệu giao nhau có tín hiệu đèn?@1- Biển 2.@2- Biển 1.@3- Biển 3.@4- Cả ba biển.@3@263
87@Biển nào báo hiệu nguy hiểm giao nhau với đường sắt?@1- Biển 1 và 3.@2- Biển 1 và 2.@3- Biển 2 và 3.@4- Cả ba biển.@1@265
88@Biển nào báo hiệu đường sắt giao nhau với đường bộ không có rào chắn?@1- Biển 1 và 2.@2- Biển 2 và 3.@3- Biển 1 và 3.@4- Cả ba biển.@2@266
89@Biển nào báo hiệu "Hết đoạn đường ưu tiên"?@1- Biển 3.@2- Biển 1.@3- Biển 2.@@1@268
90@Biển nào báo hiệu, chỉ dẫn xe đi trên đường này được quyền ưu tiên qua nơi giao nhau?@1- Biển 1 và 2.@2- Biển 1 và 3.@3- Cả ba biển.@4- Biển 2 và 3.@2@269
91@Biển nào báo hiệu giao nhau với đường không ưu tiên?@1- Biển 1.@2- Biển 2 và 3.@3- Biển 2.@4- Biển 3.@1@269
92@Biển nào báo hiệu giao nhau với đường ưu tiên?@1- Biển 1 và 3.@2- Biển 2.@3- Biển 3.@@2@269
93@Biển nào báo hiệu giao nhau với đường ưu tiên?@1- Biển 1.@2- Biển 3.@3- Biển 2.@4- Cả ba biển.@2@274
94@Biển nào báo hiệu "Đường giao nhau" của các tuyến đường cùng cấp?@1- Biển 1.@2- Biển 3.@3- Biển 2.@@1@274
95@Biển nào báo hiệu giao nhau với đường không ưu tiên?@1- Biển 1@2- Biển 2@3- Biển 3@@2@274
96@Biển nào báo hiệu đường hai chiều?@1- Biển 1@2- Biển 2@3- Biển 3@@1@277
97@Biển nào báo hiệu phải giảm tốc độ, nhường đường cho xe cơ giới đi ngược chiều qua đường hẹp?@1- Biển 1@2- Biển 2@3- Biển 3@@2@277
98@Biển nào chỉ dẫn được ưu tiên qua đường hẹp?@1- Biển 1.@2- Biển 2.@3- Biển 3.@4- Biển 2 và 3.@3@277
99@Biển nào báo hiệu cấm xe mô tô ba bánh đi vào? @1- Biển 1 và 3.@2- Biển 1 và 2.@3- Biển 2 và 3.@@2@280
100@Biển nào báo hiệu cấm xe mô tô hai bánh đi vào?@1- Biển 1.@2- Biển 2.@3- Biển 3.@@1@281
101@Khi gặp biển nào thì xe mô tô hai bánh được đi vào?@1- Không biển nào@2- Biển 1 và 2.@3- Biển 2 và 3.@4- Cả ba biển.@3@280
102@Biển nào xe mô tô hai bánh được đi vào?@1- Biển 1 và 2.@2- Biển 1 và 3.@3- Biển 2 và 3.@@2@283
103@Biển nào xe mô tô hai bánh không được đi vào?@1- Biển 1.@2- Biển 2.@3- Biển 3.@@2@283
104@Ba biển này có ý nghĩa hiệu lực như thế nào?@1- Cấm các loại xe ở biển phụ đi vào.@2- Cấm các loại xe cơ giới đi vào trừ loại xe ở biển phụ.@@@1@285
105@Biển nào cấm quay xe?@1- Biển 1.@2- Biển 2.@3- Không biển nào.@@1,2@289
106@Biển nào cấm xe rẽ trái?@1- Biển 1.@2- Biển 2.@3- Cả hai biển.@@1@289
107@Khi gặp biển nào xe được rẽ trái?@1- Biển 1.@2- Biển 2.@3- Không biển nào.@@2@289
108@Khi gặp biển nào xe ưu tiên theo luật định vẫn phải dừng lại?@1- Biển 1.@2- Biển 2.@3- Cả ba biển.@@2@298
109@Khi đến chỗ giao nhau, gặp biển nào thì người lái xe không được cho xe đi thẳng, phải rẽ sang hướng khác?@1- Biển 1 và 3.@2- Biển 2 và 3.@3- Biển 1 và 2.@4- Cả ba biển.@3@311
110@Khi gặp biển này, xe lam và mô tô ba bánh có được phép rẽ trái hay rẽ phải hay không?@1- Được phép.@2- Không được phép.@@@2@324
111@Biển này có hiệu lực đối với xe mô tô hai, ba bánh không?@1- Có.@2- Không.@@@1@324
112@Biển nào báo hiệu cầu vượt liên thông?@1- Biển 2 và 3.@2- Biển 1 và 2.@3- Biển 1 và 3.@4- Cả ba biển.@3@345
113@Biển nào báo hiệu đoạn đường hay xảy ra tai nạn?@1- Biển 1.@2- Biển 2.@3- Biển 2 và 3.@@2@347
114@Biển nào báo hiệu tuyến đường cầu vượt cắt qua?@1- Biển 1 và 2.@2- Biển 1 và 3.@3- Biển 2 và 3.@@1@349
115@Biển nào chỉ dẫn tên đường trên các tuyến đường đối ngoại?@1- Biển 1.@2- Biển 2.@3- Biển 3.@4- Biển 1 và 2.@3@351
116@Thứ tự các xe đi như thế nào là đúng quy tắc giao thông?@1- Xe tải, xe lam, xe con, mô tô.@2- Xe tải, mô tô, xe lam, xe con.@3- Xe lam, xe tải, xe con, mô tô.@4- Mô tô, xe lam, xe tải, xe con.@2@356
117@Thứ tự các xe đi như thế nào là đúng quy tắc giao thông?@1- Xe tải, xe lam, mô tô.@2- Xe lam, xe tải, mô tô.@3- Mô tô, xe lam, xe tải.@4- Xe lam, mô tô, xe tải.@3@359
118@Trường hợp này xe nào được quyền đi trước?@1- Mô tô.@2- Xe con.@@@2@361
119@Thứ tự các xe đi như thế nào là đúng quy tắc giao thông?@1- Xe lam, xe cứu thương, xe con.@2- Xe cứu thương, xe con, xe lam.@3- Xe con, xe lam, xe cứu thương.@@1@362
120@Xe nào được quyền đi trước trong trường hợp này?@1- Mô tô.@2- Xe cứu thương.@@@2@364
121@Theo tín hiệu đèn, xe nào được phép đi?@1- Xe con và xe khách.@2- Mô tô.@@@1@368
122@Theo tín hiệu đèn, xe nào được quyền đi là đúng quy tắc giao thông?@1- Xe khách, mô tô.@2- Xe tải, mô tô.@3- Xe con, xe tải.@@3@369
123@Các xe đi theo hướng mũi tên, xe nào vi phạm quy tắc giao thông?@1- Xe khách, xe tải, mô tô.@2- Xe tải, xe con, mô tô.@3- Xe khách, xe con, mô tô.@@1@372
124@Thứ tự các xe đi như thế nào là đúng quy tắc giao thông?@1- Xe khách, xe tải, mô tô, xe con.@2- Xe con, xe khách, xe tải, mô tô.@3- Mô tô, xe tải, xe khách, xe con.@4- Mô tô, xe tải, xe con, xe khách.@3@373
125@Trường hợp này xe nào đỗ vi phạm quy tắc giao thông?@1- Xe tải.@2- Xe con và mô tô.@3- Cả ba xe.@4- Xe con và xe tải.@1@374
126@Xe nào được quyền đi trước?@1- Xe tải.@2- Xe con.@3- Xe lam.@@2@375
127@Theo hướng mũi tên, những hướng nào xe gắn máy đi được?@1- Cả ba hướng.@2- Hướng 1 và 3.@3- Chỉ hướng 1.@@1@376
128@Xe nào đỗ vi phạm quy tắc giao thông?@1- Cả hai xe.@2- Không xe nào vi phạm.@3- Chỉ xe mô tô vi phạm.@4- Chỉ xe tải vi phạm.@1@377
129@Xe nào đỗ vi phạm quy tắc giao thông?@1- Chỉ mô tô.@2- Chỉ xe tải.@3- Cả ba xe.@4- Chỉ mô tô và xe tải.@3@378
130@Xe tải kéo xe mô tô ba bánh như hình này có đúng quy tắc giao thông không?@1- Đúng.@2- Không đúng.@@@2@379
131@Xe nào được quyền đi trước trong trường hợp này?@1- Xe lam.@2- Xe xích lô.@@@2@386
132@Thứ tự các xe đi như thế nào là đúng quy tắc giao thông?@1- Xe lam, mô tô, xe con, xe đạp.@2- Xe con, xe đạp, mô tô, xe lam.@3- Xe lam, xe con, mô tô + xe đạp.@4- Mô tô + xe đạp, xe lam, xe con.@4@389
133@Xe nào được quyền đi trước trong trường hợp này?@1- Mô tô.@2- Xe con.@@@1@394
134@Xe nào vi phạm quy tắc giao thông?@1- Xe khách.@2- Mô tô.@3- Xe con.@4- Xe con và mô tô.@3@396
135@Các xe đi như thế nào là đúng quy tắc giao thông?@1- Các xe ở phía tay phải và tay trái của người điều khiển được phép đi thẳng.@2- Cho phép các xe ở mọi hướng được rẽ phải.@3- Tất cả các xe phải dừng lại trước ngã tư, trừ những xe đã ở trong ngã tư được phép tiếp tục đi.@@3@397
136@Theo hướng mũi tên, xe nào được phép đi?@1- Mô tô, xe con.@2- Xe con, xe tải.@3- Mô tô, xe tải.@4- Cả ba xe.@3@398
137@Trong hình dưới đây, xe nào chấp hành đúng quy tắc giao thông?@1- Chỉ xe khách, mô tô.@2.Tất cả các loại xe trên.@3- Không xe nào chấp hành đúng quy tắc giao thông.@@2@407
138@Theo hướng mũi tên, những hướng nào xe mô tô được phép đi?@1- Cả ba hướng.@2- Hướng 1 và 2.@3- Hướng 1 và 3.@4- Hướng 2 và 3.@3@408
139@Trong trường hợp này, thứ tự các xe đi như thế nào là đúng quy tắc giao thông?@1- Xe công an, xe quân sự, xe con + mô tô.@2- Xe quân sự, xe công an, xe con + mô tô.@3- Xe mô tô + xe con, xe quân sự, xe công an.@@2@409
140@Trong hình dưới, những xe nào vi phạm quy tắc giao thông?@1- Xe con (E), mô tô (C).@2- Xe tải (A), mô tô (D).@3- Xe khách (B), mô tô (C).@4- Xe khách (B), mô tô (D).@1@412
141@Trong hình dưới, những xe nào vi phạm quy tắc giao thông?@1- Xe con (B), mô tô (C).@2- Xe con (A), mô tô (C).@3- Xe con (E), mô tô (D).@4- Tất cả các loại xe trên.@3@417
142@Theo tín hiệu đèn, xe nào phải dừng lại là đúng quy tắc giao thông?@1- Xe khách, mô tô.@2- Xe tải, mô tô.@3- Xe con, xe tải.@@3@422
143@Bạn có được phép vượt xe mô tô phía trước không?@1- Cho phép.@2- Không được vượt.@@@2@425
144@Theo tín hiệu đèn của xe cơ giới, xe nào vi phạm quy tắc giao thông?@1- Xe mô tô.@2- Xe ô tô con.@3- Không xe nào vi phạm.@@1,2@428
145@Các xe đi theo hướng mũi tên, xe nào vi phạm quy tắc giao thông?@1- Xe con.@2- Xe tải.@3- Xe con, xe tải.@@2@429
146@Các xe đi theo hướng mũi tên, xe nào vi phạm quy tắc giao thông?@1- Xe tải, xe con.@2- Xe khách, xe con.@3- Xe khách, xe tải.@@3@430
147@Các xe đi theo hướng mũi tên, xe nào vi phạm quy tắc giao thông?@1- Xe con, xe tải, xe khách.@2- Xe tải, xe khách, xe mô tô.@3- Xe khách, xe mô tô, xe con.@4- Cả bốn xe.@2@431
148@Các xe đi theo hướng mũi tên, xe nào chấp hành đúng quy tắc giao thông?@1- Xe tải, mô tô.@2- Xe khách, mô tô.@3- Xe tải, xe con.@4- Mô tô, xe con.@2@434
149@Các xe đi theo thứ tự nào là đúng quy tắc giao thông đường bộ?@1- Xe của bạn, mô tô, xe con.@2- Xe con, xe của bạn, mô tô.@3- Mô tô, xe con, xe của bạn.@@3@436
150@Các xe đi theo thứ tự nào là đúng quy tắc giao thông đường bộ?@1- Xe của bạn, mô tô, xe con.@2- Xe con, xe của bạn, mô tô.@3- Mô tô, xe con, xe của bạn.@@2@437
